epoch,steps,cosine_pearson,cosine_spearman
1.0,8885,0.8627893393755446,0.8643689195846012
