epoch,steps,cosine_pearson,cosine_spearman
1.0,360,0.8686660282835076,0.8686387871445569
2.0,720,0.8741312506822746,0.8751213469109153
3.0,1080,0.8781634135099936,0.877612475795619
4.0,1440,0.8789892832142305,0.8780437101973798
