epoch,steps,cosine_pearson,cosine_spearman
1.0,8885,0.8530199194114154,0.8555351492177538
