epoch,steps,cosine_pearson,cosine_spearman
1.0,360,0.8574408952221915,0.8572904285471148
2.0,720,0.8649803390689482,0.8651735764972803
3.0,1080,0.865066867249115,0.8651283992982391
4.0,1440,0.865847314559814,0.8661211829226986
